<?xml version='1.0' encoding='UTF-8' ?>
<timeLogEntries>
  <time id="49" path="/basketball-manager/PSP0/Design" start="@1635632009571" delta="54" flag="A" />
  <time id="48" delta="-29" flag="M" />
  <time id="50" path="/basketball-manager/PSP0/Code" start="@1635636606792" delta="69" flag="A" />
  <time id="51" path="/basketball-manager/PSP0/Postmortem" start="@1635636680513" delta="18" flag="A" />
  <time id="52" path="/basketball-manager/PSP0/Postmortem" start="@1635647655719" delta="169" flag="A" />
  <time id="53" path="/basketball-manager/PSP0/Test" start="@1635660891159" delta="28" flag="A" />
  <time id="54" path="/basketball-manager/PSP0/Test" start="@1635699376414" delta="154" flag="A" />
  <time id="55" path="/basketball-manager/PSP0/Test" start="@1635715562692" delta="163" flag="A" />
  <time id="56" path="/basketball-manager/PSP0/Code" start="@1635725349492" delta="14" flag="A" />
  <time id="57" path="/basketball-manager/PSP0/Compile" start="@1635735578418" delta="60" flag="A" />
  <time id="58" path="/basketball-manager/PSP0/Test" start="@1635739197297" delta="181" interrupt="24" flag="A" />
  <time id="59" path="/basketball-manager/PSP0/Postmortem" start="@1635758786690" delta="42" flag="A" />
</timeLogEntries>
